{
    "name": "Json_MuseuBr_marcell_felipe",
    "properties": {
        "linkedServiceName": {
            "referenceName": "marcellfelipe_museu_http",
            "type": "LinkedServiceReference"
        },
        "annotations": [],
        "type": "Json",
        "typeProperties": {
            "location": {
                "type": "HttpServerLocation",
                "relativeUrl": "/api/space/find?@select=id,name,En_Nome_Logradouro,En_Municipio,En_Estado,longDescription,shortDescription,location,esfera,telefonePublico"
            }
        },
        "schema": {
            "type": "object",
            "properties": {
                "id": {
                    "type": "integer"
                },
                "name": {
                    "type": "string"
                }
            }
        }
    },
    "type": "Microsoft.DataFactory/factories/datasets"
}