{
    "name": "Json_marcell",
    "properties": {
        "linkedServiceName": {
            "referenceName": "Http_occurences_marcell_oliveira",
            "type": "LinkedServiceReference"
        },
        "annotations": [],
        "type": "Json",
        "typeProperties": {
            "location": {
                "type": "HttpServerLocation",
                "relativeUrl": "api/event/find/?@select=occurrences.*"
            }
        },
        "schema": {}
    },
    "type": "Microsoft.DataFactory/factories/datasets"
}