{
    "name": "Json_marcelll_felipe",
    "properties": {
        "linkedServiceName": {
            "referenceName": "AzureBlobStorage_occurrences_marcelll",
            "type": "LinkedServiceReference"
        },
        "annotations": [],
        "type": "Json",
        "typeProperties": {
            "location": {
                "type": "AzureBlobStorageLocation",
                "fileName": "occurences.json",
                "folderPath": "Lab04",
                "container": "marcell-felipe-oliveira"
            }
        },
        "schema": {}
    },
    "type": "Microsoft.DataFactory/factories/datasets"
}