{
    "name": "marcell_oliveira_eventos_json",
    "properties": {
        "linkedServiceName": {
            "referenceName": "marcell_oliveira_eventos",
            "type": "LinkedServiceReference"
        },
        "annotations": [],
        "type": "Json",
        "typeProperties": {
            "location": {
                "type": "AzureBlobStorageLocation",
                "fileName": "eventos.json",
                "folderPath": "Lab04",
                "container": "marcell-felipe-oliveira"
            }
        },
        "schema": {}
    },
    "type": "Microsoft.DataFactory/factories/datasets"
}