{
    "name": "marcell_oliveira_eventos_lab04",
    "properties": {
        "linkedServiceName": {
            "referenceName": "http_eventos_marcell_oliveira",
            "type": "LinkedServiceReference"
        },
        "annotations": [],
        "type": "Json",
        "typeProperties": {
            "location": {
                "type": "HttpServerLocation",
                "relativeUrl": "/api/event/find?@select=classificacaoEtaria, createTimestamp, descricaoSonora, id, longDescription, name, registrationInfo, shortDescription, site, subTitle, telefonePublico, terms, traducaoLibras, updateTimestamp"
            }
        },
        "schema": {}
    },
    "type": "Microsoft.DataFactory/factories/datasets"
}