{
    "name": "marcell_oliveira_eventos",
    "properties": {
        "linkedServiceName": {
            "referenceName": "AzureBlobStorage_marcell_oliveira",
            "type": "LinkedServiceReference"
        },
        "annotations": [],
        "type": "Json",
        "typeProperties": {
            "location": {
                "type": "AzureBlobStorageLocation",
                "fileName": "museus.json",
                "folderPath": "Lab04",
                "container": "marcell-felipe-oliveira"
            }
        },
        "schema": {
            "type": "object",
            "properties": {
                "spaces": {
                    "type": "array"
                },
                "occurrences": {
                    "type": "array",
                    "items": {
                        "type": "object",
                        "properties": {
                            "id": {
                                "type": "integer"
                            },
                            "rule": {
                                "type": "object",
                                "properties": {
                                    "spaceId": {
                                        "type": "string"
                                    },
                                    "startsAt": {
                                        "type": "string"
                                    },
                                    "duration": {
                                        "type": "integer"
                                    },
                                    "endsAt": {
                                        "type": "string"
                                    },
                                    "frequency": {
                                        "type": "string"
                                    },
                                    "startsOn": {
                                        "type": "string"
                                    },
                                    "until": {
                                        "type": "string"
                                    },
                                    "description": {
                                        "type": "string"
                                    },
                                    "price": {
                                        "type": "string"
                                    }
                                }
                            },
                            "space": {
                                "type": "object",
                                "properties": {
                                    "id": {
                                        "type": "integer"
                                    },
                                    "name": {
                                        "type": "string"
                                    },
                                    "En_Nome_Logradouro": {
                                        "type": "string"
                                    },
                                    "En_Num": {
                                        "type": "string"
                                    },
                                    "En_Complemento": {
                                        "type": "string"
                                    },
                                    "En_Bairro": {
                                        "type": "string"
                                    },
                                    "En_CEP": {
                                        "type": "string"
                                    },
                                    "En_Municipio": {
                                        "type": "string"
                                    },
                                    "En_Estado": {
                                        "type": "string"
                                    },
                                    "singleUrl": {
                                        "type": "string"
                                    }
                                }
                            }
                        }
                    }
                },
                "occurrencesReadable": {
                    "type": "array"
                },
                "id": {
                    "type": "integer"
                },
                "name": {
                    "type": "string"
                },
                "shortDescription": {
                    "type": "string"
                },
                "longDescription": {
                    "type": "string"
                },
                "rules": {
                    "type": "null"
                },
                "createTimestamp": {
                    "type": "object",
                    "properties": {
                        "date": {
                            "type": "string"
                        },
                        "timezone_type": {
                            "type": "integer"
                        },
                        "timezone": {
                            "type": "string"
                        }
                    }
                },
                "updateTimestamp": {
                    "type": "object",
                    "properties": {
                        "date": {
                            "type": "string"
                        },
                        "timezone_type": {
                            "type": "integer"
                        },
                        "timezone": {
                            "type": "string"
                        }
                    }
                },
                "owner": {
                    "type": "object",
                    "properties": {
                        "id": {
                            "type": "integer"
                        },
                        "name": {
                            "type": "string"
                        },
                        "singleUrl": {
                            "type": "string"
                        }
                    }
                },
                "project": {
                    "type": "object",
                    "properties": {
                        "id": {
                            "type": "integer"
                        },
                        "name": {
                            "type": "string"
                        },
                        "singleUrl": {
                            "type": "string"
                        }
                    }
                },
                "classificacaoEtaria": {
                    "type": "string"
                },
                "site": {
                    "type": "string"
                },
                "telefonePublico": {
                    "type": "string"
                },
                "num_sniic": {
                    "type": "string"
                },
                "terms": {
                    "type": "object",
                    "properties": {
                        "tag": {
                            "type": "array",
                            "items": {
                                "type": "string"
                            }
                        },
                        "linguagem": {
                            "type": "array",
                            "items": {
                                "type": "string"
                            }
                        }
                    }
                },
                "isVerified": {
                    "type": "boolean"
                },
                "singleUrl": {
                    "type": "string"
                },
                "subTitle": {
                    "type": "string"
                },
                "registrationInfo": {
                    "type": "null"
                },
                "preco": {
                    "type": "null"
                },
                "traducaoLibras": {
                    "type": "string"
                },
                "descricaoSonora": {
                    "type": "string"
                },
                "facebook": {
                    "type": "null"
                },
                "twitter": {
                    "type": "null"
                },
                "instagram": {
                    "type": "null"
                },
                "linkedin": {
                    "type": "null"
                },
                "spotify": {
                    "type": "null"
                },
                "youtube": {
                    "type": "null"
                },
                "pinterest": {
                    "type": "null"
                },
                "event_attendance": {
                    "type": "string"
                },
                "opportunityTabName": {
                    "type": "null"
                },
                "useOpportunityTab": {
                    "type": "null"
                }
            }
        }
    },
    "type": "Microsoft.DataFactory/factories/datasets"
}