{
    "now": "2022-12-02T18:51:16.464Z",
    "perfNow": 117817,
    "diagnosticCorrelation": "78c20326-9c66-451b-97f8-97153ef5e5de",
    "source": "DownloadSupportFiles",
    "environment": {
        "productName": "adf",
        "buildVersion": "1.0.113022.16",
        "environmentType": 3,
        "resourceName": "df-estudos-II",
        "resourceRegion": "eastus",
        "resourceGroup": "Estudos-Azure",
        "subscriptionId": "f9090f81-02bc-45d2-89d2-9bfe48adf4a3",
        "sessionId": "bux1E",
        "operationId": "dA0jb",
        "gitType": "live"
    },
    "additionalInfo": {
        "selectedResource": "Api_json_marcell_lab04",
        "selectedResourceType": "pipeline"
    }
}