{
    "name": "http_eventos_marcell_oliveira",
    "type": "Microsoft.DataFactory/factories/linkedservices",
    "properties": {
        "annotations": [],
        "type": "HttpServer",
        "typeProperties": {
            "url": "http://museus.cultura.gov.br",
            "enableServerCertificateValidation": true,
            "authenticationType": "Anonymous"
        },
        "connectVia": {
            "referenceName": "IR-MarcellFelipeLab04",
            "type": "IntegrationRuntimeReference"
        }
    }
}