{
    "name": "Api_json_marcell_lab04",
    "properties": {
        "activities": [
            {
                "name": "Copy Data da Api Museus Json Marcell Oliveira",
                "description": "Coleta todos os dados contidos na Api em formato Json",
                "type": "Copy",
                "dependsOn": [],
                "policy": {
                    "timeout": "0.12:00:00",
                    "retry": 0,
                    "retryIntervalInSeconds": 30,
                    "secureOutput": false,
                    "secureInput": false
                },
                "userProperties": [],
                "typeProperties": {
                    "source": {
                        "type": "JsonSource",
                        "storeSettings": {
                            "type": "HttpReadSettings",
                            "requestMethod": "GET"
                        },
                        "formatSettings": {
                            "type": "JsonReadSettings"
                        }
                    },
                    "sink": {
                        "type": "JsonSink",
                        "storeSettings": {
                            "type": "AzureBlobStorageWriteSettings"
                        },
                        "formatSettings": {
                            "type": "JsonWriteSettings"
                        }
                    },
                    "enableStaging": false
                },
                "inputs": [
                    {
                        "referenceName": "Json_MuseuBr_marcell_felipe",
                        "type": "DatasetReference"
                    }
                ],
                "outputs": [
                    {
                        "referenceName": "marcell_oliveira_eventos",
                        "type": "DatasetReference"
                    }
                ]
            },
            {
                "name": "Copy Data da Api Eventos Marcell Felipe",
                "type": "Copy",
                "dependsOn": [],
                "policy": {
                    "timeout": "0.12:00:00",
                    "retry": 0,
                    "retryIntervalInSeconds": 30,
                    "secureOutput": false,
                    "secureInput": false
                },
                "userProperties": [],
                "typeProperties": {
                    "source": {
                        "type": "JsonSource",
                        "storeSettings": {
                            "type": "HttpReadSettings",
                            "requestMethod": "GET"
                        },
                        "formatSettings": {
                            "type": "JsonReadSettings"
                        }
                    },
                    "sink": {
                        "type": "JsonSink",
                        "storeSettings": {
                            "type": "AzureBlobStorageWriteSettings"
                        },
                        "formatSettings": {
                            "type": "JsonWriteSettings"
                        }
                    },
                    "enableStaging": false
                },
                "inputs": [
                    {
                        "referenceName": "marcell_oliveira_eventos_lab04",
                        "type": "DatasetReference"
                    }
                ],
                "outputs": [
                    {
                        "referenceName": "marcell_oliveira_eventos_json",
                        "type": "DatasetReference"
                    }
                ]
            },
            {
                "name": "Tratamento da Api Museu Marcell Felipe",
                "description": "Função de tratar todo os dados da Api Museu",
                "type": "DatabricksNotebook",
                "dependsOn": [
                    {
                        "activity": "Copy Data da Api Museus Json Marcell Oliveira",
                        "dependencyConditions": [
                            "Succeeded"
                        ]
                    }
                ],
                "policy": {
                    "timeout": "0.12:00:00",
                    "retry": 0,
                    "retryIntervalInSeconds": 30,
                    "secureOutput": false,
                    "secureInput": false
                },
                "userProperties": [],
                "typeProperties": {
                    "notebookPath": "/Users/marcell.oliveira@blueshift.com.br/Lab_04_Azure_Marcell_parte_Museus"
                },
                "linkedServiceName": {
                    "referenceName": "notebook_museu_marcell_felipe",
                    "type": "LinkedServiceReference"
                }
            },
            {
                "name": "Tratamento da Api Evento Occurences Marcell Felipe",
                "description": "Função de tratar todo os dados da Api eventos",
                "type": "DatabricksNotebook",
                "dependsOn": [
                    {
                        "activity": "Copy Data da Api Eventos Marcell Felipe",
                        "dependencyConditions": [
                            "Succeeded"
                        ]
                    },
                    {
                        "activity": "Copy data Api Ocurrences Marcell",
                        "dependencyConditions": [
                            "Succeeded"
                        ]
                    }
                ],
                "policy": {
                    "timeout": "0.12:00:00",
                    "retry": 0,
                    "retryIntervalInSeconds": 30,
                    "secureOutput": false,
                    "secureInput": false
                },
                "userProperties": [],
                "typeProperties": {
                    "notebookPath": "/Users/marcell.oliveira@blueshift.com.br/Lab-04-Azure-parte-Eventos-Marcell"
                },
                "linkedServiceName": {
                    "referenceName": "notebook_evento_marcell",
                    "type": "LinkedServiceReference"
                }
            },
            {
                "name": "Copy data Api Ocurrences Marcell",
                "type": "Copy",
                "dependsOn": [],
                "policy": {
                    "timeout": "0.12:00:00",
                    "retry": 0,
                    "retryIntervalInSeconds": 30,
                    "secureOutput": false,
                    "secureInput": false
                },
                "userProperties": [],
                "typeProperties": {
                    "source": {
                        "type": "JsonSource",
                        "storeSettings": {
                            "type": "HttpReadSettings",
                            "requestMethod": "GET"
                        },
                        "formatSettings": {
                            "type": "JsonReadSettings"
                        }
                    },
                    "sink": {
                        "type": "JsonSink",
                        "storeSettings": {
                            "type": "AzureBlobStorageWriteSettings"
                        },
                        "formatSettings": {
                            "type": "JsonWriteSettings"
                        }
                    },
                    "enableStaging": false
                },
                "inputs": [
                    {
                        "referenceName": "Json_marcell",
                        "type": "DatasetReference"
                    }
                ],
                "outputs": [
                    {
                        "referenceName": "Json_marcelll_felipe",
                        "type": "DatasetReference"
                    }
                ]
            }
        ],
        "folder": {
            "name": "Marcell Felipe Lab 04 IPAV"
        },
        "annotations": [],
        "lastPublishTime": "2022-11-23T18:42:03Z"
    },
    "type": "Microsoft.DataFactory/factories/pipelines"
}